QuestionId,Answer,,,
0,T,,,
1,T,,,
2,T,30%,22%,29%
3,NA,more than 2 classes,,
4,NA,more than 2 classes,,
5,NA,more than 2 classes,,
6,NA,more than 2 classes,,
7,T,,,
8,F,there is no leaf for that class,,
9,F,,,
10,F,,,
11,F,,,
12,F,,,
13,T,,,
14,F,,,
15,F,,,
16,F,,,
17,F,,,
18,F,,,
19,F,,,
20,F,,,
21,NA,It's accuracy instead of recall,,
22,F,,,
23,F,,,
24,T,,,
25,F,,,
26,F,,,
27,F,,,
28,F,,,
29,F,,,
30,F,,,
31,F,target=TUE,,
32,F,target=TUE,,
33,F,target=TUE,"if just based on Heatmap, T if based on the Tree",
34,T,,,
35,F,,,
36,F,,,
37,T,,,
38,T,,,
39,F,,,
40,F,,,
41,F,,,
42,T,,,
43,T,,,
44,F,F if 75%,,
45,F,,,
46,F,,,
47,T,,,
48,T,,,
49,F,,,
50,T,,,
51,F,some are symbolic,,
52,T,,,
53,T,,,
54,F,"few values per variable, but there is no common sense for interpret the variables",,
55,F,,,
56,F,there is some loss,,
57,F,no evidence,,
58,F,no evidence,,
59,F,,,
60,NA,without knowing the nr of records,,
61,F,,,
62,F,,,
63,F,,,
64,F,,,
65,NA,balance chart required to answer,,
66,F,,,
67,F,,,
68,F,,,
69,F,,,
70,F,,,
71,F,,,
72,F,,,
73,T,,,
74,F,,,
75,F,60% ?,,
76,F,,,
77,F,,,
78,T,,,
79,F,,,
80,F,,,
81,F,no evidence,,
82,F,no evidence,,
83,NA,no semantics for FAF,,
84,NA,without knowing the nr of records,,
85,F,,,
86,F,,,
87,T,,,
88,F,,,
89,NA,there are several classes,,
90,NA,there are several classes,,
91,NA,there are several classes,,
92,NA,there are several classes,,
93,NA,there are several classes,,
94,F,,,
95,F,,,
96,F,,,
97,F,,,
98,T,,,
99,F,,,
100,T,,,
101,F,,,
102,F,"not larger, smaller",,
103,T,,,
104,F,,,
105,T,,,
106,T,,,
107,NA,IIt's accuracy instead of recall,,
108,T,,,
109,T,,,
110,T,,,
111,F,,,
112,F,,,
113,F,,,
114,F,,,
115,F,target=Family_Size,,
116,F,,,
117,F,target=Family_Size,,
118,F,target=Work_Experience,no evidence,
119,F,target=Family_Size,no evidence,
120,T,,,
121,F,,,
122,F,,,
123,F,,,
124,T,,,
125,F,,,
126,F,,,
127,F,,,
128,T,,,
129,F,,,
130,F,50% ??,,
131,F,,,
132,F,,,
133,T,,,
134,T,,,
135,F,,,
136,T,,,
137,F,,,
138,T,,,
139,T,,,
140,F,too few values,,
141,F,,,
142,T,,,
143,F,no evidence,,
144,NA,,,
145,F,,,
146,NA,without knowing the nr of records,,
147,T,,,
148,F,records=800,,
149,F,,,
150,T,records=600,,
151,T,,,
152,F,no evidence,,
153,F,doesn't solve the MV problem,,
154,T,,,
155,F,,,
156,F,,,
157,NA,need class distribution chart,,
158,F,not  Age,,
159,T,,,
160,F,,,
161,F,,,
162,F,it's discrete,,
163,F,,,
164,F,no evidence,,
165,T,it's discrete,,
166,F,it's discrete,,
167,F,75%?,,
168,F,,,
169,F,,,
170,T,,,
171,F,,,
172,F,,,
173,T,,,
174,F,,,
175,F,,,
176,NA,wrong chart,,
177,F,,,
178,F,,,
179,T,"since it is in the tree, but the tree isn't useful",,
180,T,,,
181,F,[POSITIVE;NEGATIVE],FP=0 FN>0,
182,T,[POSITIVE;NEGATIVE],TN/(TN+FP)=1,
183,F,[POSITIVE;NEGATIVE],,
184,F,[POSITIVE;NEGATIVE],,
185,T,[POSITIVE;NEGATIVE],,
186,T,,,
187,F,,,
188,F,,,
189,F,,,
190,T,,,
191,F,,,
192,F,,,
193,F,,,
194,F,T if K<5,,
195,F,,,
196,F,,,
197,T,,,
198,T,,,
199,NA,accuracy instead of recall,,
200,T,,,
201,T,,,
202,F,,,
203,T,,,
204,F,,,
205,F,,,
206,F,,,
207,F,,,
208,F,target=pH,,
209,F,,,
210,F,target=Specific Gravity,,
211,F,target=pH,no evidence,
212,F,target=Age,no evidence,
213,T,,,
214,F,,,
215,F,,,
216,F,,,
217,T,,,
218,F,"Based only on boxplots, we don't know that SG is discrete, s it shows outlieres, and Age also shows them",,
219,T,Age and SG may have a few,,
220,F,no evidence,,
221,F,,,
222,T,,,
223,T,if 60%,,
224,F,not a large nr,,
225,T,,,
226,F,,,
227,NA,no ratio nor binary vars,,
228,F,,,
229,T,,,
230,T,,,
231,T,,,
232,T,,,
233,F,no common semantics ,,
234,F,no common semantics ,,
235,T,,,
236,F,no evidence,,
237,F,no evidence,,
238,F,no common semantics ,,
239,NA,wrong chart,,
240,F,,,
241,F,,,
242,T,,,
243,F,records=310,,
244,F,,,
245,F,no evidence,,
246,F,,,
247,T,,,
248,F,,,
249,F,,,
250,NA,no evidence,,
251,F,,,
252,T,,,
253,T,,,
254,F,,,
255,F,no evidence,,
256,F,,,
257,F,,,
258,F,,,
259,F,,,
260,F,50% ??,,
261,NA,wrong chart,,
262,F,no evidence,,
263,T,,,
264,F,,,
265,T,in this case,,
266,T,,,
267,F,,,
268,F,,,
269,NA,wrong chart,,
270,F,,,
271,T,,,
272,T,,,
273,T,,,
274,T,[1;0],FP=4 FN=1848,
275,T,[1;0],pr=TP/(TP+FP),
276,T,[1;0],,
277,F,[1;0],,
278,F,[1;0],,
279,F,,,
280,T,,,
281,F,,,
282,F,,,
283,F,,,
284,F,,,
285,F,,,
286,F,,,
287,F,,,
288,F,,,
289,F,,,
290,F,,,
291,F,,,
292,NA,accuracy instead of recall,,
293,F,,,
294,F,,,
295,F,,,
296,T,,,
297,F,,,
298,F,,,
299,F,,,
300,F,,,
301,F,,,
302,F,,,
303,F,target=Vc,,
304,F,target=Vc,no evidence,
305,F,target=Vc,no evidence,
306,T,,,
307,F,,,
308,F,,,
309,T,,,
310,T,,,
311,F,,,
312,F,,,
313,F,,,
314,T,,,
315,F,,,
316,F,,,
317,F,,,
318,F,,,
319,F,,,
320,NA,no ratio nor binary vars,,
321,F,,,
322,T,,,
323,F,,,
324,F,,,
325,F,,,
326,NA,need class distribution chart,,
327,F,,,
328,F,,,
329,F,,,
330,T,,,
331,F,,,
332,T,,,
333,T,,,
334,F,,,
335,T,,,
336,F,just 50%,,
337,T,,,
338,T,,,
339,F,no common semantics ,,
340,F,no common semantics ,,
341,F,,,
342,F,no evidence,,
343,F,no evidence,,
344,F,no common semantics ,,
345,NA,wrong chart,,
346,F,,,
347,T,,,
348,T,,,
349,F,114/537=21%,173/537=32%,
350,F,[1;0],FP=60 FN=86,
351,T,[1;0],pr=TP/(TP+FP),
352,F,[1;0],,
353,T,[1;0],,
354,F,[1;0],TN=290 TP=101,
355,T,,,
356,T,,,
357,F,,,
358,F,,,
359,F,,,
360,F,,,
361,T,,,
362,F,,,
363,F,,,
364,T,,,
365,F,,,
366,T,,,
367,T,,,
368,F,,,
369,T,,,
370,T,,,
371,F,,,
372,T,,,
373,F,,,
374,F,,,
375,F,,,
376,F,,,
377,F,,,
378,F,,,
379,F,target=BMI,,
380,F,target=BMI,,
381,F,target=BMI,,
382,T,,,
383,F,,,
384,F,,,
385,F,,,
386,T,,,
387,F,,,
388,T,,,
389,T,,,
390,F,,,
391,T,,,
392,T,%,,
393,T,,,
394,T,,,
395,F,,,
396,NA,,,
397,F,,,
398,T,,,
399,T,,,
400,T,,,
401,T,,,
402,NA,,,
403,F,,,
404,F,,,
405,F,,,
406,F,,,
407,F,,,
408,T,,,
409,F,,,
410,F,,,
411,T,,,
412,T,%,,
413,F,,,
414,T,,,
415,T,,,
416,F,,,
417,F,,,
418,F,,,
419,F,,,
420,F,,,
421,NA,,,
422,F,,,
423,T,,,
424,T,,,
425,T,,,
426,T,[Placed;Not Placed],,
427,T,[Placed;Not Placed],,
428,T,[Placed;Not Placed],,
429,T,[Placed;Not Placed],,
430,T,,,
431,T,,,
432,T,,,
433,F,,,
434,F,,,
435,T,,,
436,T,,,
437,F,,,
438,F,,,
439,T,,,
440,T,,,
441,F,,,
442,T,,,
443,T,,,
444,F,,,
445,T,,,
446,F,,,
447,F,,,
448,T,,,
449,T,,,
450,F,,,
451,F,,,
452,F,,,
453,F,,,
454,F,,,
455,F,target=mba_p,,
456,F,target=mba_p,,
457,F,target=mba_p,,
458,T,,,
459,F,,,
460,F,,,
461,T,,,
462,T,,,
463,F,,,
464,F,,,
465,T,,,
466,F,,,
467,T,,,
468,T,%,,
469,F,,,
470,T,,,
471,T,,,
472,F,,,
473,F,,,
474,T,,,
475,F,,,
476,T,,,
477,F,,,
478,F,,,
479,F,,,
480,F,,,
481,F,,,
482,F,,,
483,F,,,
484,NA,,,
485,T,,,
486,T,,,
487,F,,,
488,F,,,
489,NA,,,
490,T,,,
491,F,,,
492,F,,,
493,T,,,
494,F,,,
495,F,,,
496,F,,,
497,T,,,
498,F,,,
499,F,%,,
500,F,,,
501,F,,,
502,T,,,
503,F,,,
504,F,,,
505,F,,,
506,F,,,
507,F,,,
508,NA,,,
509,F,,,
510,T,,,
511,T,,,
512,T,,,
513,F,[2;1],,
514,F,[2;1],,
515,T,[2;1],,
516,F,[2;1],,
517,T,[2;1],,
518,T,,,
519,F,,,
520,T,,,
521,F,,,
522,T,,,
523,F,,,
524,T,,,
525,F,,,
526,T,,,
527,T,,,
528,F,,,
529,T,,,
530,T,,,
531,T,,,
532,T,,,
533,T,,,
534,F,,,
535,T,,,
536,F,,,
537,F,,,
538,F,,,
539,F,,,
540,F,,,
541,F,,,
542,T,target=DB,,
543,T,target=Sgot,,
544,F,target=TB,,
545,F,,,
546,T,,,
547,F,,,
548,T,,,
549,T,,,
550,F,,,
551,T,,,
552,T,,,
553,F,,,
554,T,,,
555,T,%,,
556,NA,,,
557,T,,,
558,T,,,
559,F,,,
560,F,,,
561,T,,,
562,F,,,
563,T,,,
564,F,,,
565,F,,,
566,F,,,
567,F,,,
568,F,,,
569,NA,,,
570,F,,,
571,NA,,,
572,T,,,
573,F,records=405,,
574,T,records=405,,
575,F,records=405,,
576,T,,,
577,NA,,,
578,F,records=405,,
579,T,,,
580,F,,,
581,F,,,
582,NA,,,
583,F,,,
584,F,,,
585,F,,,
586,T,,,
587,T,,,
588,T,,,
589,F,,,
590,F,,,
591,T,,,
592,T,%,,
593,F,,,
594,T,,,
595,T,,,
596,F,,,
597,F,,,
598,F,,,
599,F,,,
600,F,,,
601,NA,,,
602,F,,,
603,T,,,
604,T,,,
605,T,,,
606,F,[Canceled;Not_Canceled],,
607,T,[Canceled;Not_Canceled],,
608,F,[Canceled;Not_Canceled],,
609,F,[Canceled;Not_Canceled],,
610,T,,,
611,F,,,
612,T,,,
613,F,,,
614,F,,,
615,T,,,
616,T,,,
617,F,,,
618,F,,,
619,T,,,
620,T,,,
621,F,,,
622,T,,,
623,F,,,
624,F,,,
625,F,,,
626,F,,,
627,F,,,
628,T,,,
629,F,,,
630,F,,,
631,F,,,
632,F,,,
633,F,,,
634,F,,,
635,F,target=arrival_month,,
636,F,target=avg_price_per_room,,
637,F,target=arrival_date,,
638,F,,,
639,F,,,
640,F,,,
641,T,,,
642,T,,,
643,F,,,
644,F,,,
645,F,,,
646,T,,,
647,T,,,
648,F,%,,
649,NA,,,
650,T,,,
651,T,,,
652,F,,,
653,F,,,
654,T,,,
655,T,,,
656,T,,,
657,T,,,
658,F,,,
659,F,,,
660,T,,,
661,F,,,
662,F,,,
663,F,,,
664,NA,,,
665,T,,,
666,T,,,
667,F,,,
668,F,,,
669,NA,,,
670,F,,,
671,T,,,
672,T,,,
673,F,,,
674,F,,,
675,T,,,
676,F,,,
677,T,,,
678,T,,,
679,F,%,,
680,NA,,,
681,T,,,
682,T,,,
683,F,,,
684,F,,,
685,F,,,
686,F,,,
687,F,,,
688,NA,,,
689,F,,,
690,T,,,
691,T,,,
692,T,,,
693,NA,,,
694,NA,,,
695,NA,,,
696,NA,,,
697,T,,,
698,T,,,
699,F,,,
700,F,,,
701,F,,,
702,F,,,
703,T,,,
704,F,,,
705,F,,,
706,F,,,
707,F,,,
708,F,,,
709,F,,,
710,T,,,
711,T,,,
712,T,,,
713,F,,,
714,T,,,
715,T,,,
716,F,,,
717,F,,,
718,F,,,
719,F,,,
720,F,,,
721,F,target=stress_level,,
722,F,target=anxiety_level,,
723,F,target=stress_level,,
724,F,,,
725,T,,,
726,F,,,
727,F,,,
728,T,,,
729,F,,,
730,F,,,
731,T,,,
732,T,,,
733,F,,,
734,F,,,
735,NA,,,
736,F,,,
737,T,,,
738,F,,,
739,F,,,
740,T,,,
741,F,,,
742,T,,,
743,T,,,
744,F,,,
745,F,,,
746,T,,,
747,F,,,
748,NA,,,
749,F,,,
750,NA,,,
751,F,,,
752,F,,,
753,F,,,
754,F,,,
755,NA,,,
756,F,,,
757,T,,,
758,T,,,
759,F,,,
760,F,,,
761,F,,,
762,F,,,
763,T,,,
764,F,,,
765,F,,,
766,F,,,
767,F,,,
768,F,,,
769,F,,,
770,T,,,
771,F,,,
772,F,,,
773,F,,,
774,NA,,,
775,F,,,
776,T,,,
777,T,,,
778,T,,,
779,NA,,,
780,NA,,,
781,NA,,,
782,NA,,,
783,NA,,,
784,F,,,
785,NA,,,
786,T,,,
787,F,,,
788,F,,,
789,F,,,
790,T,,,
791,F,,,
792,F,,,
793,T,,,
794,F,,,
795,T,,,
796,T,,,
797,T,,,
798,T,,,
799,F,,,
800,T,,,
801,F,,,
802,F,,,
803,F,,,
804,F,,,
805,F,,,
806,T,,,
807,F,target=density,,
808,F,target=citric acid,,
809,F,target=fixed acidity,,
810,F,,,
811,T,,,
812,T,,,
813,F,,,
814,T,,,
815,F,,,
816,T,,,
817,T,,,
818,F,,,
819,T,,,
820,T,%,,
821,NA,,,
822,T,,,
823,F,,,
824,F,,,
825,F,,,
826,T,,,
827,T,,,
828,F,,,
829,F,,,
830,NA,,,
831,T,,,
832,F,,,
833,F,,,
834,F,,,
835,F,,,
836,T,,,
837,F,,,
838,F,,,
839,F,,,
840,F,,,
841,F,,,
842,T,,,
843,T,,,
844,F,,,
845,F,,,
846,F,,,
847,F,,,
848,F,,,
849,NA,,,
850,F,,,
851,T,,,
852,T,,,
853,T,,,
854,T,[Y;N],,
855,F,[Y;N],,
856,T,[Y;N],,
857,F,[Y;N],,
858,T,[Y;N],,
859,F,,,
860,F,,,
861,T,,,
862,F,,,
863,T,,,
864,F,,,
865,T,,,
866,F,,,
867,F,,,
868,T,,,
869,F,,,
870,T,,,
871,F,,,
872,F,,,
873,F,,,
874,F,,,
875,F,,,
876,T,,,
877,F,,,
878,F,,,
879,F,,,
880,F,,,
881,F,target=LoanAmount,,
882,F,,,
883,F,target=LoanAmount,,
884,F,target=LoanAmount,,
885,F,target=LoanAmount,,
886,T,,,
887,F,,,
888,F,,,
889,F,,,
890,T,,,
891,F,,,
892,T,,,
893,T,,,
894,F,,,
895,T,,,
896,T,%,,
897,F,,,
898,T,,,
899,T,,,
900,F,,,
901,F,,,
902,T,,,
903,F,,,
904,T,,,
905,T,,,
906,F,,,
907,T,,,
908,T,,,
909,F,,,
910,F,,,
911,F,,,
912,NA,,,
913,F,,,
914,F,records=500,,
915,T,records=1175,,
916,F,records=500,,
917,T,,,
918,NA,,,
919,T,records=60,,
920,T,,,
921,F,,,
922,F,,,
923,NA,,,
924,F,,,
925,F,,,
926,F,,,
927,F,,,
928,F,,,
929,F,,,
930,F,,,
931,T,,,
932,F,,,
933,F,,,
934,F,,,
935,F,,,
936,T,,,
937,F,,,
938,F,,,
939,F,,,
940,F,,,
941,F,,,
942,NA,,,
943,F,,,
944,T,,,
945,T,,,
946,F,,,
947,NA,,,
948,NA,,,
949,NA,,,
950,NA,,,
951,NA,,,
952,F,,,
953,F,,,
954,F,,,
955,F,,,
956,F,,,
957,F,,,
958,F,,,
959,F,,,
960,F,,,
961,F,,,
962,F,,,
963,F,,,
964,T,,,
965,T,,,
966,T,,,
967,F,,,
968,T,,,
969,F,,,
970,F,,,
971,T,,,
972,T,,,
973,F,,,
974,F,,,
975,T,target=Area,,
976,T,target=MinorAxisLength,,
977,F,target=ShapeFactor1,,
978,F,,,
979,F,,,
980,F,,,
981,F,,,
982,T,,,
983,T,,,
984,T,,,
985,T,,,
986,F,,,
987,T,,,
988,T,%,,
989,T,,,
990,T,,,
991,T,,,
992,F,,,
993,F,,,
994,T,,,
995,T,,,
996,F,,,
997,F,,,
998,NA,,,
999,F,,,
1000,F,,,
1001,F,,,
1002,F,,,
1003,F,,,
1004,T,,,
1005,T,,,
1006,T,,,
1007,T,,,
1008,F,%,,
1009,T,,,
1010,T,,,
1011,T,,,
1012,F,,,
1013,F,,,
1014,F,,,
1015,F,,,
1016,F,,,
1017,NA,,,
1018,F,,,
1019,F,,,
1020,T,,,
1021,T,,,
1022,T,[good;bad],,
1023,F,,,
1024,T,[good;bad],,
1025,T,[good;bad],,
1026,F,[good;bad],,
1027,F,,,
1028,F,,,
1029,F,,,
1030,F,,,
1031,F,,,
1032,T,,,
1033,T,,,
1034,F,,,
1035,T,,,
1036,T,,,
1037,F,,,
1038,T,,,
1039,T,,,
1040,F,,,
1041,T,,,
1042,T,,,
1043,F,,,
1044,T,,,
1045,F,,,
1046,F,,,
1047,F,,,
1048,F,,,
1049,F,,,
1050,F,,,
1051,F,target=duration,,
1052,F,target=credit_amount,,
1053,F,target=residence_since,,
1054,F,,,
1055,T,,,
1056,F,,,
1057,F,,,
1058,T,,,
1059,T,,,
1060,T,,,
1061,T,,,
1062,T,,,
1063,T,,,
1064,T,,,
1065,F,,,
1066,T,,,
1067,T,,,
1068,F,,,
1069,F,,,
1070,T,,,
1071,F,,,
1072,T,,,
1073,T,,,
1074,F,,,
1075,T,,,
1076,T,,,
1077,F,,,
1078,F,,,
1079,F,,,
1080,NA,,,
1081,F,,,
1082,T,,,
1083,F,,,
1084,F,,,
1085,NA,,,
1086,F,,,
1087,F,,,
1088,T,,,
1089,F,,,
1090,F,,,
1091,F,,,
1092,F,,,
1093,F,,,
1094,F,,,
1095,F,%,,
1096,NA,,,
1097,F,,,
1098,T,,,
1099,F,,,
1100,T,,,
1101,F,,,
1102,F,,,
1103,F,,,
1104,NA,,,
1105,F,,,
1106,T,,,
1107,T,,,
1108,T,,,
1109,T,[Yes;No],,
1110,F,[Yes;No],,
1111,F,[Yes;No],,
1112,F,[Yes;No],,
1113,T,,,
1114,T,,,
1115,T,,,
1116,T,,,
1117,F,,,
1118,T,,,
1119,F,,,
1120,F,,,
1121,F,,,
1122,T,,,
1123,T,,,
1124,F,,,
1125,T,,,
1126,F,,,
1127,F,,,
1128,F,,,
1129,F,,,
1130,F,,,
1131,T,,,
1132,F,,,
1133,F,,,
1134,T,,,
1135,T,,,
1136,F,,,
1137,F,,,
1138,T,target=Pressure9am,,
1139,F,target=Rainfall,,
1140,F,target=Pressure9am,,
1141,F,,,
1142,F,,,
1143,F,,,
1144,T,,,
1145,T,,,
1146,F,,,
1147,F,,,
1148,F,,,
1149,T,,,
1150,F,,,
1151,T,%,,
1152,F,,,
1153,T,,,
1154,F,,,
1155,F,,,
1156,F,,,
1157,T,,,
1158,T,,,
1159,T,,,
1160,F,,,
1161,F,,,
1162,T,,,
1163,F,,,
1164,F,,,
1165,F,,,
1166,F,,,
1167,NA,,,
1168,T,,,
1169,T,records=3000,,
1170,F,records=5000,,
1171,T,records=5000,,
1172,T,,,
1173,NA,,,
1174,T,records=3000,,
1175,T,,,
1176,F,,,
1177,F,,,
1178,NA,,,
1179,F,,,
1180,F,,,
1181,F,,,
1182,F,,,
1183,F,,,
1184,F,,,
1185,F,,,
1186,T,,,
1187,F,,,
1188,F,%,,
1189,F,,,
1190,F,,,
1191,T,,,
1192,F,,,
1193,T,,,
1194,F,,,
1195,F,,,
1196,F,,,
1197,NA,,,
1198,F,,,
1199,F,,,
1200,T,,,
1201,T,,,
1202,T,[1;0],,
1203,T,[1;0],,
1204,F,[1;0],,
1205,F,[1;0],,
1206,F,[1;0],,
1207,T,,,
1208,F,,,
1209,F,,,
1210,F,,,
1211,T,,,
1212,F,,,
1213,F,,,
1214,F,,,
1215,F,,,
1216,F,,,
1217,F,,,
1218,T,,,
1219,T,,,
1220,T,,,
1221,T,,,
1222,F,,,
1223,F,,,
1224,T,,,
1225,F,,,
1226,T,,,
1227,F,,,
1228,T,,,
1229,F,,,
1230,F,,,
1231,T,target=displacement,,
1232,F,target=length,,
1233,T,target=length,,
1234,F,,,
1235,T,,,
1236,T,,,
1237,F,,,
1238,T,,,
1239,F,,,
1240,F,,,
1241,F,,,
1242,T,,,
1243,F,,,
1244,F,%,,
1245,F,,,
1246,T,,,
1247,F,,,
1248,F,,,
1249,F,,,
1250,T,,,
1251,T,,,
1252,T,,,
1253,T,,,
1254,T,,,
1255,F,,,
1256,T,,,
1257,F,,,
1258,F,,,
1259,T,,,
1260,NA,,,
1261,T,,,
1262,T,,,
1263,F,,,
1264,F,,,
1265,NA,,,
1266,F,,,
1267,F,,,
1268,F,,,
1269,F,,,
1270,F,,,
1271,F,,,
1272,F,,,
1273,T,,,
1274,T,,,
1275,F,%,,
1276,F,,,
1277,T,,,
1278,T,,,
1279,F,,,
1280,F,,,
1281,F,,,
1282,F,,,
1283,F,,,
1284,NA,,,
1285,T,,,
1286,T,,,
1287,T,,,
1288,T,,,
1289,T,[1;0],,
1290,T,[1;0],,
1291,T,[1;0],,
1292,T,[1;0],,
1293,F,[1;0],,
1294,T,,,
1295,T,,,
1296,F,,,
1297,F,,,
1298,F,,,
1299,F,,,
1300,F,,,
1301,F,,,
1302,F,,,
1303,F,,,
1304,F,,,
1305,F,,,
1306,F,,,
1307,F,,,
1308,F,,,
1309,F,,,
1310,F,,,
1311,T,,,
1312,F,,,
1313,F,,,
1314,F,,,
1315,F,,,
1316,F,,,
1317,F,,,
1318,F,target=chol,,
1319,F,target=slope,,
1320,F,target=restecg,,
1321,T,,,
1322,F,,,
1323,F,,,
1324,F,,,
1325,T,,,
1326,F,,,
1327,T,,,
1328,T,,,
1329,F,,,
1330,T,,,
1331,T,,,
1332,F,,,
1333,T,,,
1334,F,,,
1335,F,,,
1336,F,,,
1337,T,,,
1338,F,,,
1339,T,,,
1340,T,,,
1341,F,,,
1342,F,,,
1343,T,,,
1344,F,,,
1345,F,,,
1346,F,,,
1347,NA,,,
1348,F,,,
1349,F,,,
1350,F,,,
1351,F,,,
1352,NA,,,
1353,F,,,
1354,F,,,
1355,T,,,
1356,F,,,
1357,T,,,
1358,F,,,
1359,F,,,
1360,F,,,
1361,F,,,
1362,F,%,,
1363,F,,,
1364,T,,,
1365,T,,,
1366,F,,,
1367,T,,,
1368,F,,,
1369,F,,,
1370,F,,,
1371,NA,,,
1372,F,,,
1373,T,,,
1374,T,,,
1375,T,,,
1376,F,[M;B],,
1377,T,[M;B],,
1378,F,[M;B],,
1379,T,[M;B],,
1380,F,[M;B],,
1381,F,,,
1382,F,,,
1383,F,,,
1384,F,,,
1385,F,,,
1386,F,,,
1387,F,,,
1388,F,,,
1389,F,,,
1390,F,,,
1391,F,,,
1392,T,,,
1393,F,,,
1394,F,,,
1395,F,,,
1396,F,,,
1397,F,,,
1398,T,,,
1399,F,,,
1400,F,,,
1401,F,,,
1402,T,,,
1403,T,,,
1404,T,,,
1405,F,target=symmetry_se,,
1406,T,target=perimeter_se,,
1407,F,target=radius_worst,,
1408,F,,,
1409,F,,,
1410,F,,,
1411,F,,,
1412,T,,,
1413,F,,,
1414,T,,,
1415,F,,,
1416,F,,,
1417,T,,,
1418,T,%,,
1419,F,,,
1420,T,,,
1421,T,,,
1422,F,,,
1423,F,,,
1424,T,,,
1425,T,,,
1426,F,,,
1427,F,,,
1428,NA,,,
1429,T,,,
1430,F,,,
1431,F,,,
1432,F,,,
1433,F,,,
1434,F,,,
1435,T,,,
1436,F,,,
1437,T,,,
1438,T,%,,
1439,NA,,,
1440,T,,,
1441,T,,,
1442,F,,,
1443,F,,,
1444,F,,,
1445,F,,,
1446,F,,,
1447,NA,,,
1448,F,,,
1449,F,,,
1450,T,,,
1451,T,,,
1452,F,[Yes;No],,
1453,T,,,
1454,T,[Yes;No],,
1455,F,[Yes;No],,
1456,F,,,
1457,T,,,
1458,F,,,
1459,F,,,
1460,F,,,
1461,T,,,
1462,F,,,
1463,T,,,
1464,F,,,
1465,T,,,
1466,T,,,
1467,F,,,
1468,T,,,
1469,T,,,
1470,T,,,
1471,T,,,
1472,F,,,
1473,F,,,
1474,T,,,
1475,F,,,
1476,F,,,
1477,F,,,
1478,F,,,
1479,F,,,
1480,F,,,
1481,F,target=Weight_in_gms,,
1482,F,target=Weight_in_gms,,
1483,F,target=Cost_of_the_Product,,
1484,T,,,
1485,F,,,
1486,F,,,
1487,F,,,
1488,T,,,
1489,F,,,
1490,F,,,
1491,F,,,
1492,T,,,
1493,T,,,
1494,F,%,,
1495,F,,,
1496,T,,,
1497,T,,,
1498,F,,,
1499,F,,,
1500,T,,,
1501,T,,,
1502,T,,,
1503,T,,,
1504,F,,,
1505,T,,,
1506,T,,,
1507,F,,,
1508,F,,,
1509,T,,,
1510,NA,,,
1511,F,,,
1512,T,,,
1513,F,,,
1514,F,,,
1515,NA,,,
1516,F,,,
1517,F,,,
1518,F,,,
1519,F,,,
1520,F,,,
1521,F,,,
1522,F,,,
1523,F,,,
1524,F,,,
1525,F,%,,
1526,NA,,,
1527,T,,,
1528,F,,,
1529,F,,,
1530,T,,,
1531,F,,,
1532,F,,,
1533,F,,,
1534,NA,,,
1535,F,,,
1536,T,,,
1537,T,,,
1538,T,,,
1539,T,[1;0],,
1540,F,[1;0],,
1541,F,[1;0],,
1542,T,[1;0],,
1543,F,[1;0],,
1544,F,,,
1545,T,,,
1546,F,,,
1547,F,,,
1548,F,,,
1549,F,,,
1550,F,,,
1551,F,,,
1552,F,,,
1553,F,,,
1554,F,,,
1555,T,,,
1556,T,,,
1557,F,,,
1558,F,,,
1559,F,,,
1560,F,,,
1561,T,,,
1562,F,,,
1563,F,,,
1564,T,,,
1565,T,,,
1566,F,target=Process temperature [K],,
1567,T,,,
1568,T,target=Process temperature [K],,
1569,F,target=Torque [Nm],,
1570,F,target=Process temperature [K],,
1571,F,,,
1572,T,,,
1573,F,,,
1574,T,,,
1575,T,,,
1576,F,,,
1577,F,,,
1578,F,,,
1579,T,,,
1580,F,,,
1581,F,%,,
1582,F,,,
1583,T,,,
1584,F,,,
1585,F,,,
1586,F,,,
1587,T,,,
1588,F,,,
1589,T,,,
1590,T,,,
1591,F,,,
1592,T,,,
1593,F,,,
1594,F,,,
1595,F,,,
1596,F,,,
1597,NA,,,
1598,F,,,
1599,T,,,
1600,F,,,
1601,F,,,
1602,NA,,,
1603,T,,,
1604,F,,,
1605,F,,,
1606,F,,,
1607,F,,,
1608,F,,,
1609,T,,,
1610,T,,,
1611,T,,,
1612,F,%,,
1613,NA,,,
1614,T,,,
1615,T,,,
1616,F,,,
1617,F,,,
1618,F,,,
1619,F,,,
1620,F,,,
1621,NA,,,
1622,F,,,
1623,T,,,
1624,T,,,
1625,T,,,
1626,T,[1;0],,
1627,F,[1;0],,
1628,F,[1;0],,
1629,T,[1;0],,
1630,F,[1;0],,
1631,F,,,
1632,F,,,
1633,T,,,
1634,F,,,
1635,T,,,
1636,T,,,
1637,F,,,
1638,F,,,
1639,F,,,
1640,T,,,
1641,T,,,
1642,T,,,
1643,T,,,
1644,T,,,
1645,T,,,
1646,F,,,
1647,F,,,
1648,T,,,
1649,F,,,
1650,F,,,
1651,F,,,
1652,F,,,
1653,F,,,
1654,F,,,
1655,F,target=Balance,,
1656,F,target=Tenure,,
1657,F,target=EstimatedSalary,,
1658,T,,,
1659,F,,,
1660,F,,,
1661,T,,,
1662,T,,,
1663,F,,,
1664,F,,,
1665,F,,,
1666,T,,,
1667,T,,,
1668,F,%,,
1669,F,,,
1670,T,,,
1671,T,,,
1672,F,,,
1673,F,,,
1674,T,,,
1675,F,,,
1676,T,,,
1677,F,,,
1678,F,,,
1679,F,,,
1680,T,,,
1681,F,,,
1682,F,,,
1683,T,,,
1684,NA,,,
1685,F,,,
1686,T,,,
1687,F,,,
1688,F,,,
1689,NA,,,
1690,F,,,
1691,F,,,
1692,F,,,
1693,F,,,
1694,F,,,
1695,T,,,
1696,F,,,
1697,T,,,
1698,F,,,
1699,F,%,,
1700,NA,,,
1701,T,,,
1702,T,,,
1703,F,,,
1704,F,,,
1705,F,,,
1706,F,,,
1707,F,,,
1708,NA,,,
1709,F,,,
1710,T,,,
1711,T,,,
1712,T,,,
1713,NA,,,
1714,T,,,
1715,NA,,,
1716,NA,,,
1717,T,,,
1718,F,,,
1719,T,,,
1720,T,,,
1721,F,,,
1722,F,,,
1723,T,,,
1724,T,,,
1725,F,,,
1726,F,,,
1727,F,,,
1728,F,,,
1729,F,,,
1730,F,,,
1731,F,,,
1732,F,,,
1733,F,,,
1734,T,,,
1735,F,,,
1736,F,,,
1737,F,,,
1738,T,,,
1739,F,,,
1740,F,,,
1741,T,target=CIRCULARITY,,
1742,T,target=MINORVARIANCE,,
1743,F,target=MAJORSKEWNESS,,
1744,F,,,
1745,T,,,
1746,F,,,
1747,T,,,
1748,T,,,
1749,F,,,
1750,F,,,
1751,T,,,
1752,F,,,
1753,T,,,
1754,T,%,,
1755,F,,,
1756,T,,,
1757,F,,,
1758,F,,,
1759,F,,,
1760,T,,,
1761,F,,,
1762,F,,,
1763,F,,,
1764,NA,,,
1765,F,,,
1766,F,,,
1767,F,,,
1768,T,,,
1769,T,,,
1770,F,,,
1771,F,,,
1772,T,,,
1773,F,,,
1774,F,%,,
1775,F,,,
1776,T,,,
1777,T,,,
1778,F,,,
1779,F,,,
1780,F,,,
1781,F,,,
1782,F,,,
1783,NA,,,
1784,F,,,
1785,T,,,
1786,T,,,
1787,T,,,
1788,T,[>50K;<=50K],,
1789,T,,,
1790,T,[>50K;<=50K],,
1791,F,[>50K;<=50K],,
1792,F,[>50K;<=50K],,
1793,T,,,
1794,T,,,
1795,F,,,
1796,F,,,
1797,T,,,
1798,F,,,
1799,F,,,
1800,F,,,
1801,F,,,
1802,T,,,
1803,F,,,
1804,T,,,
1805,T,,,
1806,F,,,
1807,F,,,
1808,F,,,
1809,F,,,
1810,T,,,
1811,F,,,
1812,F,,,
1813,F,,,
1814,F,,,
1815,F,,,
1816,F,,,
1817,F,target=capital-gain,,
1818,F,target=capital-loss,,
1819,F,target=capital-gain,,
1820,F,,,
1821,F,,,
1822,F,,,
1823,F,,,
1824,T,,,
1825,F,,,
1826,T,,,
1827,T,,,
1828,F,,,
1829,T,,,
1830,F,%,,
1831,NA,,,
1832,T,,,
1833,F,,,
1834,F,,,
1835,F,,,
1836,T,,,
1837,F,,,
1838,T,,,
1839,T,,,
1840,F,,,
1841,T,,,
1842,T,,,
1843,F,,,
1844,F,,,
1845,F,,,
1846,NA,,,
1847,T,,,
1848,T,,,
1849,F,,,
1850,F,,,
1851,NA,,,
1852,F,,,
1853,F,,,
1854,T,,,
1855,F,,,
1856,F,,,
1857,T,,,
1858,F,,,
1859,F,,,
1860,T,,,
1861,F,%,,
1862,F,,,
1863,T,,,
1864,T,,,
1865,F,,,
1866,T,,,
1867,F,,,
1868,F,,,
1869,F,,,
1870,NA,,,
1871,F,,,
1872,F,,,
1873,T,,,
1874,T,,,
1875,F,[Yes;No],,
1876,F,[Yes;No],,
1877,T,[Yes;No],,
1878,F,[Yes;No],,
1879,F,[Yes;No],,
1880,F,,,
1881,F,,,
1882,T,,,
1883,F,,,
1884,F,,,
1885,F,,,
1886,T,,,
1887,F,,,
1888,F,,,
1889,F,,,
1890,T,,,
1891,T,,,
1892,F,,,
1893,F,,,
1894,F,,,
1895,F,,,
1896,F,,,
1897,T,,,
1898,F,,,
1899,F,,,
1900,T,,,
1901,F,,,
1902,F,,,
1903,F,,,
1904,T,target=CARDIOVASCULAR,,
1905,F,target=CARDIOVASCULAR,,
1906,T,target=CARDIOVASCULAR,,
1907,F,,,
1908,T,,,
1909,F,,,
1910,F,,,
1911,T,,,
1912,F,,,
1913,T,,,
1914,T,,,
1915,F,,,
1916,T,,,
1917,T,%,,
1918,F,,,
1919,T,,,
1920,T,,,
1921,F,,,
1922,F,,,
1923,T,,,
1924,F,,,
1925,T,,,
1926,T,,,
1927,F,,,
1928,T,,,
1929,T,,,
1930,F,,,
1931,F,,,
1932,F,,,
1933,NA,,,
1934,F,,,
1935,T,,,
1936,F,,,
1937,F,,,
1938,NA,,,
1939,F,,,
1940,T,,,
1941,T,,,
1942,F,,,
1943,F,,,
1944,F,,,
1945,F,,,
1946,T,,,
1947,F,,,
1948,F,%,,
1949,NA,,,
1950,F,,,
1951,F,,,
1952,F,,,
1953,T,,,
1954,F,,,
1955,F,,,
1956,F,,,
1957,NA,,,
1958,F,,,
1959,T,,,
1960,T,,,
1961,T,,,
1962,NA,,,
1963,NA,,,
1964,NA,,,
1965,NA,,,
1966,NA,,,
1967,F,,,
1968,F,,,
1969,F,,,
1970,F,,,
1971,T,,,
1972,F,,,
1973,F,,,
1974,F,,,
1975,F,,,
1976,F,,,
1977,F,,,
1978,F,,,
1979,F,,,
1980,T,,,
1981,F,,,
1982,F,,,
1983,T,,,
1984,F,,,
1985,F,,,
1986,F,,,
1987,F,,,
1988,F,,,
1989,F,,,
1990,T,target=mjd,,
1991,F,target=mjd,,
1992,F,target=plate,,
1993,F,,,
1994,F,,,
1995,F,,,
1996,F,,,
1997,T,,,
1998,F,,,
1999,T,,,
2000,F,,,
2001,T,,,
2002,T,,,
2003,T,%,,
2004,NA,,,
2005,T,,,
2006,T,,,
2007,F,,,
2008,F,,,
2009,T,,,
2010,T,,,
2011,F,,,
2012,F,,,
2013,NA,,,
2014,F,,,
2015,F,,,
2016,F,,,
2017,F,,,
2018,F,,,
2019,T,,,
2020,F,,,
2021,F,,,
2022,T,,,
2023,T,%,,
2024,NA,,,
2025,T,,,
2026,T,,,
2027,F,,,
2028,T,,,
2029,F,,,
2030,F,,,
2031,F,,,
2032,NA,,,
2033,F,,,
2034,T,,,
2035,T,,,
2036,T,,,
2037,NA,,,
2038,NA,,,
2039,NA,,,
2040,NA,,,
2041,NA,,,
2042,F,,,
2043,F,,,
2044,F,,,
2045,F,,,
2046,F,,,
2047,F,,,
2048,F,,,
2049,F,,,
2050,F,,,
2051,F,,,
2052,F,,,
2053,F,,,
2054,F,,,
2055,F,,,
2056,F,,,
2057,F,,,
2058,T,,,
2059,F,,,
2060,F,,,
2061,F,,,
2062,F,,,
2063,F,,,
2064,T,,,
2065,T,target=Class,,
2066,F,target=Class,,
2067,F,target=Class,,
2068,F,,,
2069,F,,,
2070,F,,,
2071,F,,,
2072,T,,,
2073,F,,,
2074,T,,,
2075,T,,,
2076,F,,,
2077,F,,,
2078,T,%,,
2079,NA,,,
2080,T,,,
2081,T,,,
2082,F,,,
2083,F,,,
2084,T,,,
2085,T,,,
2086,F,,,
2087,F,,,
2088,NA,,,
2089,F,,,
2090,F,,,
2091,F,,,
2092,F,,,
2093,F,,,
2094,F,,,
2095,F,,,
2096,T,,,
2097,T,,,
2098,F,%,,
2099,F,,,
2100,T,,,
2101,T,,,
2102,F,,,
2103,F,,,
2104,F,,,
2105,F,,,
2106,F,,,
2107,NA,,,
2108,F,,,
2109,T,,,
2110,T,,,
2111,T,,,
2112,F,[1;0],,
2113,T,[1;0],,
2114,F,[1;0],,
2115,T,[1;0],,
2116,F,[1;0],,
2117,F,,,
2118,F,,,
2119,T,,,
2120,F,,,
2121,T,,,
2122,T,,,
2123,T,,,
2124,F,,,
2125,F,,,
2126,F,,,
2127,F,,,
2128,T,,,
2129,T,,,
2130,T,,,
2131,F,,,
2132,F,,,
2133,F,,,
2134,T,,,
2135,F,,,
2136,F,,,
2137,F,,,
2138,F,,,
2139,F,,,
2140,F,,,
2141,F,target=Sulfate,,
2142,F,target=Sulfate,,
2143,F,target=Sulfate,,
2144,T,,,
2145,F,,,
2146,F,,,
2147,T,,,
2148,T,,,
2149,F,,,
2150,T,,,
2151,T,,,
2152,F,,,
2153,T,,,
2154,T,%,,
2155,T,,,
2156,T,,,
2157,T,,,
2158,F,,,
2159,F,,,
2160,T,,,
2161,F,records=3000,,
2162,F,records=1000,,
2163,T,records=1000,,
2164,T,,,
2165,NA,,,
2166,F,records=3000,,
2167,T,,,
2168,F,,,
2169,F,,,
2170,NA,,,
2171,F,,,
2172,F,,,
2173,F,,,
2174,T,,,
2175,F,,,
2176,F,,,
2177,F,,,
2178,T,,,
2179,T,,,
2180,T,%,,
2181,F,,,
2182,T,,,
2183,T,,,
2184,F,,,
2185,F,,,
2186,F,,,
2187,F,,,
2188,F,,,
2189,NA,,,
2190,F,,,
2191,T,,,
2192,T,,,
2193,T,,,
2194,NA,,,
2195,NA,,,
2196,NA,,,
2197,NA,,,
2198,NA,,,
2199,F,,,
2200,T,,,
2201,T,,,
2202,F,,,
2203,F,,,
2204,F,,,
2205,T,,,
2206,F,,,
2207,T,,,
2208,T,,,
2209,F,,,
2210,T,,,
2211,F,,,
2212,F,,,
2213,T,,,
2214,T,,,
2215,T,,,
2216,F,,,
2217,F,,,
2218,T,,,
2219,T,,,
2220,F,,,
2221,T,,,
2222,T,target=Whole weight,,
2223,T,target=Viscera weight,,
2224,T,target=Diameter,,
2225,F,,,
2226,F,,,
2227,T,,,
2228,F,,,
2229,T,,,
2230,F,,,
2231,T,,,
2232,F,,,
2233,F,,,
2234,T,,,
2235,T,%,,
2236,F,,,
2237,T,,,
2238,T,,,
2239,F,,,
2240,F,,,
2241,T,,,
2242,F,,,
2243,F,,,
2244,F,,,
2245,NA,,,
2246,F,,,
2247,F,,,
2248,F,,,
2249,F,,,
2250,F,,,
2251,F,,,
2252,F,,,
2253,T,,,
2254,T,,,
2255,F,%,,
2256,F,,,
2257,T,,,
2258,T,,,
2259,F,,,
2260,F,,,
2261,F,,,
2262,F,,,
2263,F,,,
2264,NA,,,
2265,F,,,
2266,T,,,
2267,T,,,
2268,T,,,
2269,F,[Y;N],,
2270,F,[Y;N],,
2271,F,[Y;N],,
2272,F,[Y;N],,
2273,F,[Y;N],,
2274,T,,,
2275,F,,,
2276,F,,,
2277,F,,,
2278,T,,,
2279,T,,,
2280,T,,,
2281,F,,,
2282,T,,,
2283,T,,,
2284,T,,,
2285,T,,,
2286,T,,,
2287,T,,,
2288,F,,,
2289,T,,,
2290,F,,,
2291,T,,,
2292,F,,,
2293,F,,,
2294,F,,,
2295,F,,,
2296,F,,,
2297,F,,,
2298,T,target=tot_chole,,
2299,F,target=tot_chole,,
2300,F,target=tot_chole,,
2301,F,,,
2302,T,,,
2303,T,,,
2304,F,,,
2305,T,,,
2306,T,,,
2307,T,,,
2308,T,,,
2309,F,,,
2310,T,,,
2311,T,%,,
2312,F,,,
2313,T,,,
2314,F,,,
2315,F,,,
2316,F,,,
2317,T,,,
2318,T,,,
2319,T,,,
2320,T,,,
2321,F,,,
2322,F,,,
2323,F,,,
2324,F,,,
2325,F,,,
2326,F,,,
2327,NA,,,
2328,F,,,
2329,F,,,
2330,F,,,
2331,F,,,
2332,NA,,,
2333,F,,,
2334,F,,,
2335,F,,,
2336,F,,,
2337,F,,,
2338,F,,,
2339,T,,,
2340,F,,,
2341,T,,,
2342,T,%,,
2343,F,,,
2344,T,,,
2345,T,,,
2346,F,,,
2347,F,,,
2348,F,,,
2349,F,,,
2350,F,,,
2351,NA,,,
2352,F,,,
2353,T,,,
2354,T,,,
2355,T,,,
2356,F,[1;0],,
2357,F,[1;0],,
2358,F,[1;0],,
2359,F,[1;0],,
2360,T,[1;0],,
2361,T,,,
2362,F,,,
2363,F,,,
2364,F,,,
2365,F,,,
2366,F,,,
2367,F,,,
2368,F,,,
2369,F,,,
2370,F,,,
2371,F,,,
2372,F,,,
2373,F,,,
2374,F,,,
2375,F,,,
2376,F,,,
2377,F,,,
2378,T,,,
2379,F,,,
2380,F,,,
2381,F,,,
2382,F,,,
2383,F,,,
2384,F,,,
2385,F,target=entropy,,
2386,F,target=entropy,,
2387,F,target=entropy,,
2388,T,,,
2389,F,,,
2390,F,,,
2391,F,,,
2392,T,,,
2393,F,,,
2394,T,,,
2395,T,,,
2396,F,,,
2397,T,,,
2398,T,%,,
2399,NA,,,
2400,T,,,
2401,F,,,
2402,F,,,
2403,F,,,
2404,T,,,
2405,T,,,
2406,F,,,
2407,F,,,
2408,NA,,,
2409,F,,,
2410,F,,,
2411,F,,,
2412,T,,,
2413,F,,,
2414,T,,,
2415,F,,,
2416,F,,,
2417,T,,,
2418,T,%,,
2419,NA,,,
2420,T,,,
2421,T,,,
2422,F,,,
2423,F,,,
2424,F,,,
2425,F,,,
2426,F,,,
2427,NA,,,
2428,F,,,
2429,T,,,
2430,T,,,
2431,F,,,
2432,NA,,,
2433,NA,,,
2434,NA,,,
2435,NA,,,
2436,NA,,,
2437,F,,,
2438,F,,,
2439,T,,,
2440,F,,,
2441,F,,,
2442,F,,,
2443,F,,,
2444,F,,,
2445,F,,,
2446,F,,,
2447,F,,,
2448,F,,,
2449,F,,,
2450,F,,,
2451,F,,,
2452,F,,,
2453,T,,,
2454,F,,,
2455,T,,,
2456,T,,,
2457,T,,,
2458,F,,,
2459,T,,,
2460,T,target=PetalWidthCm,,
2461,T,target=PetalLengthCm,,
2462,T,target=PetalWidthCm,,
2463,F,,,
2464,T,,,
2465,T,,,
2466,F,,,
2467,T,,,
2468,T,,,
2469,T,,,
2470,F,,,
2471,F,,,
2472,F,,,
2473,F,%,,
2474,F,,,
2475,T,,,
2476,F,,,
2477,F,,,
2478,F,,,
2479,T,,,
2480,F,,,
2481,F,,,
2482,F,,,
2483,NA,,,
2484,F,,,
2485,F,,,
2486,F,,,
2487,F,,,
2488,T,,,
2489,T,,,
2490,F,,,
2491,T,,,
2492,T,,,
2493,T,%,,
2494,NA,,,
2495,T,,,
2496,T,,,
2497,F,,,
2498,F,,,
2499,F,,,
2500,F,,,
2501,F,,,
2502,NA,,,
2503,F,,,
2504,T,,,
2505,T,,,
2506,T,,,
2507,NA,,,
2508,NA,,,
2509,NA,,,
2510,NA,,,
2511,NA,,,
2512,F,,,
2513,F,,,
2514,T,,,
2515,F,,,
2516,F,,,
2517,T,,,
2518,F,,,
2519,F,,,
2520,T,,,
2521,T,,,
2522,T,,,
2523,T,,,
2524,F,,,
2525,F,,,
2526,F,,,
2527,F,,,
2528,T,,,
2529,F,,,
2530,F,,,
2531,F,,,
2532,F,,,
2533,F,,,
2534,F,,,
2535,F,target=px_width,,
2536,F,target=px_width,,
2537,F,target=px_width,,
2538,T,,,
2539,F,,,
2540,F,,,
2541,F,,,
2542,T,,,
2543,F,,,
2544,F,,,
2545,F,,,
2546,F,,,
2547,F,,,
2548,F,%,,
2549,F,,,
2550,T,,,
2551,T,,,
2552,F,,,
2553,F,,,
2554,T,,,
2555,F,,,
2556,T,,,
2557,T,,,
2558,F,,,
2559,F,,,
2560,T,,,
2561,F,,,
2562,F,,,
2563,F,,,
2564,NA,,,
2565,F,,,
2566,F,,,
2567,F,,,
2568,F,,,
2569,NA,,,
2570,F,,,
2571,F,,,
2572,F,,,
2573,F,,,
2574,F,,,
2575,F,,,
2576,F,,,
2577,T,,,
2578,T,,,
2579,F,%,,
2580,F,,,
2581,T,,,
2582,T,,,
2583,F,,,
2584,F,,,
2585,F,,,
2586,F,,,
2587,F,,,
2588,NA,,,
2589,F,,,
2590,T,,,
2591,T,,,
2592,T,,,
2593,F,[1;0],,
2594,T,,,
2595,F,[1;0],,
2596,T,[1;0],,
2597,F,[1;0],,
2598,F,,,
2599,F,,,
2600,F,,,
2601,F,,,
2602,T,,,
2603,F,,,
2604,F,,,
2605,F,,,
2606,F,,,
2607,F,,,
2608,F,,,
2609,T,,,
2610,T,,,
2611,F,,,
2612,F,,,
2613,F,,,
2614,F,,,
2615,T,,,
2616,F,,,
2617,F,,,
2618,F,,,
2619,F,,,
2620,F,,,
2621,F,,,
2622,F,target=Pclass,,
2623,F,target=Parch,,
2624,F,target=Pclass,,
2625,F,,,
2626,F,,,
2627,F,,,
2628,F,,,
2629,T,,,
2630,F,,,
2631,T,,,
2632,F,,,
2633,F,,,
2634,F,,,
2635,F,%,,
2636,T,,,
2637,T,,,
2638,T,,,
2639,F,,,
2640,F,,,
2641,T,,,
2642,F,,,
2643,T,,,
2644,F,,,
2645,F,,,
2646,T,,,
2647,F,,,
2648,F,,,
2649,F,,,
2650,F,,,
2651,NA,,,
2652,T,,,
2653,F,records=200,,
2654,F,records=200,,
2655,T,records=200,,
2656,T,,,
2657,F,,,
2658,T,records=200,,
2659,T,,,
2660,F,,,
2661,F,,,
2662,NA,,,
2663,F,,,
2664,T,,,
2665,F,,,
2666,F,,,
2667,F,,,
2668,T,,,
2669,T,,,
2670,F,,,
2671,T,,,
2672,T,%,,
2673,NA,,,
2674,T,,,
2675,F,,,
2676,F,,,
2677,T,,,
2678,F,,,
2679,F,,,
2680,F,,,
2681,NA,,,
2682,F,,,
2683,T,,,
2684,T,,,
2685,T,,,
2686,F,[good;bad],,
2687,T,[good;bad],,
2688,T,[good;bad],,
2689,F,[good;bad],,
2690,F,[good;bad],,
2691,F,,,
2692,F,,,
2693,T,,,
2694,F,,,
2695,F,,,
2696,F,,,
2697,F,,,
2698,F,,,
2699,F,,,
2700,T,,,
2701,F,,,
2702,T,,,
2703,F,,,
2704,F,,,
2705,F,,,
2706,F,,,
2707,F,,,
2708,T,,,
2709,F,,,
2710,F,,,
2711,F,,,
2712,F,,,
2713,F,,,
2714,F,,,
2715,F,target=Ripeness,,
2716,F,target=Ripeness,,
2717,F,target=Ripeness,,
2718,F,,,
2719,F,,,
2720,F,,,
2721,T,,,
2722,F,,,
2723,F,,,
2724,T,,,
2725,F,,,
2726,F,,,
2727,T,,,
2728,T,%,,
2729,NA,,,
2730,T,,,
2731,F,,,
2732,F,,,
2733,T,,,
2734,F,,,
2735,F,,,
2736,F,,,
2737,F,,,
2738,NA,,,
2739,T,,,
2740,F,,,
2741,F,,,
2742,T,,,
2743,F,,,
2744,F,,,
2745,F,,,
2746,F,,,
2747,T,,,
2748,T,%,,
2749,NA,,,
2750,T,,,
2751,T,,,
2752,F,,,
2753,F,,,
2754,F,,,
2755,F,,,
2756,F,,,
2757,NA,,,
2758,F,,,
2759,T,,,
2760,T,,,
2761,T,,,
2762,T,[1;0],,
2763,F,[1;0],,
2764,F,[1;0],,
2765,F,[1;0],,
2766,T,[1;0],,
2767,T,,,
2768,T,,,
2769,T,,,
2770,F,,,
2771,F,,,
2772,T,,,
2773,F,,,
2774,F,,,
2775,F,,,
2776,F,,,
2777,F,,,
2778,T,,,
2779,T,,,
2780,T,,,
2781,F,,,
2782,F,,,
2783,F,,,
2784,T,,,
2785,F,,,
2786,F,,,
2787,F,,,
2788,F,,,
2789,F,,,
2790,F,,,
2791,F,target=PaymentTier,,
2792,F,target=PaymentTier,,
2793,F,target=PaymentTier,,
2794,F,,,
2795,F,,,
2796,F,,,
2797,F,,,
2798,T,,,
2799,F,,,
2800,T,,,
2801,F,,,
2802,T,,,
2803,T,,,
2804,T,%,,
2805,F,,,
2806,T,,,
2807,T,,,
2808,F,,,
2809,F,,,
2810,T,,,
2811,F,,,
2812,T,,,
2813,T,,,
2814,F,,,
2815,T,,,
2816,F,,,
2817,F,,,
2818,F,,,
2819,F,,,
2820,NA,,,
2821,T,,,
2822,T,,,
2823,F,,,
2824,F,,,
2825,NA,,,
2826,F,,,
2827,T,,,
2828,F,,,
2829,F,,,
2830,F,,,
2831,F,,,
2832,F,,,
2833,T,,,
2834,F,,,
2835,F,%,,
2836,F,,,
2837,F,,,
2838,F,,,
2839,F,,,
2840,T,,,
2841,F,,,
2842,F,,,
2843,T,,,
2844,NA,,,
2845,F,,,